Date,Close,Adj Close,SMA_20,SMA_50,Daily_Return
2025-01-02,243.85000610351562,242.09312438964844,,,
2025-01-03,243.36000061035156,241.60665893554688,,,-0.0020094145809717023
2025-01-06,245.0,243.23484802246094,,,0.006739007501231242
2025-01-07,242.2100067138672,240.46493530273438,,,-0.011387811994236885
2025-01-08,242.6999969482422,240.95140075683594,,,0.0020230203355393606
2025-01-10,236.85000610351562,235.1435546875,,,-0.024103807037823
2025-01-13,234.39999389648438,232.71121215820312,,,-0.010344074846233342
2025-01-14,233.27999877929688,231.59927368164062,,,-0.004778190385629433
2025-01-15,237.8699951171875,236.1562042236328,,,0.01967592760353898
2025-01-16,228.25999450683594,226.61541748046875,,,-0.04040032221270473
2025-01-17,229.97999572753906,228.32305908203125,,,0.007535416700894526
2025-01-21,222.63999938964844,221.03594970703125,,,-0.03191578373335435
2025-01-22,223.8300018310547,222.2173614501953,,,0.005344885050282411
2025-01-23,223.66000366210938,222.048583984375,,,-0.0007595152094276303
2025-01-24,222.77999877929688,221.1749267578125,,,-0.003934531852830769
2025-01-27,229.86000061035156,228.2039031982422,,,0.03178016850041265
2025-01-28,238.25999450683594,236.5433807373047,,,0.036543974148496305
2025-01-29,239.36000061035156,237.635498046875,,,0.004616985291096221
2025-01-30,237.58999633789062,235.87823486328125,,,-0.007394784020218759
2025-01-31,236.0,234.29966735839844,232.89685974121093,,-0.006692298277531927
2025-02-03,228.00999450683594,226.36724853515625,232.11056594848634,,-0.033855868907864406
2025-02-04,232.8000030517578,231.12277221679688,231.58637161254882,,0.021008002316651675
2025-02-05,232.47000122070312,230.7951202392578,230.96438522338866,,-0.0014176533726919516
2025-02-06,233.22000122070312,231.53970336914062,230.51812362670898,,0.0032261649601210696
2025-02-07,227.6300048828125,225.98997497558594,229.7700523376465,,-0.023968798062709906
2025-02-10,227.64999389648438,226.2583465576172,229.32579193115234,,0.0011875375536469779
2025-02-11,232.6199951171875,231.1979522705078,229.25012893676757,,0.021831706047726884
2025-02-12,236.8699951171875,235.42198181152344,229.4412643432617,,0.018270185784662107
2025-02-13,241.52999877929688,240.05349731445312,229.63612899780273,,0.019673249996840392
2025-02-14,244.60000610351562,243.10472106933594,230.4605941772461,,0.012710599049869042
2025-02-18,244.47000122070312,242.9755096435547,231.19321670532227,,-0.0005315052098243678
2025-02-19,244.8699951171875,243.37306213378906,232.31007232666016,,0.001636183378388889
2025-02-20,245.8300018310547,244.3271942138672,233.41556396484376,,0.003920450651821117
2025-02-21,245.5500030517578,244.04891967773438,234.5155807495117,,-0.0011389421346574835
2025-02-24,247.10000610351562,245.5894317626953,235.73630599975587,,0.006312308560903146
2025-02-25,247.0399932861328,245.52980041503906,236.60260086059571,,-0.00024280909495266734
2025-02-26,240.36000061035156,238.89060974121094,236.719962310791,,-0.027040264206647624
2025-02-27,237.3000030517578,235.849365234375,236.63065567016602,,-0.01273069925239212
2025-02-28,241.83999633789062,240.36158752441406,236.85482330322264,,0.019131797474015055
2025-03-03,238.02999877929688,236.5748748779297,236.9685836791992,,-0.01575423380035612
2025-03-04,235.92999267578125,234.4877166748047,237.37460708618164,,-0.008822400114137041
2025-03-05,235.74000549316406,234.2988739013672,237.53341217041014,,-0.0008053418580530325
2025-03-06,235.3300018310547,233.89138793945312,237.68822555541993,,-0.0017391716619414854
2025-03-07,239.07000732421875,237.6085205078125,237.9916664123535,,0.01589255851233662
2025-03-10,227.47999572753906,226.08935546875,237.99663543701172,,-0.04847959582612593
2025-03-11,220.83999633789062,219.48995971679688,237.6582160949707,,-0.02918932533674856
2025-03-12,216.97999572753906,215.653564453125,236.88099670410156,,-0.01747868225326521
2025-03-13,209.67999267578125,208.39817810058594,235.5298065185547,,-0.03364371171391467
2025-03-14,213.49000549316406,212.1848907470703,234.13637619018556,,0.01817056502603709
2025-03-17,214.0,212.69180297851562,232.61573028564453,232.64206237792968,0.0023890119115481667
2025-03-18,212.69000244140625,211.38978576660156,231.03644409179688,232.02799560546876,-0.006121614437795575
2025-03-19,215.24000549316406,213.92420959472656,229.56400146484376,231.47434661865233,0.011989339120307863
2025-03-20,214.10000610351562,212.7911834716797,227.98720092773436,230.86547332763672,-0.005296390367379944
2025-03-21,218.27000427246094,216.93568420410156,226.63153915405275,230.39488830566407,0.019476844222606093
2025-03-24,220.72999572753906,219.38064575195312,225.32109985351562,229.9634732055664,0.01127044431081825
2025-03-25,223.75,222.3821563720703,224.1637176513672,229.70824523925782,0.013681747584565418
2025-03-26,221.52999877929688,220.1757354736328,223.22797393798828,229.4575357055664,-0.009921753320648263
2025-03-27,223.85000610351562,222.48158264160156,222.5595848083496,229.27518188476563,0.010472757876831995
2025-03-28,217.89999389648438,216.5679168701172,221.36990127563476,228.88341613769532,-0.0265804733194962
2025-03-31,222.1300048828125,220.77207946777344,220.57976150512695,228.7665493774414,0.01941267505554678
2025-04-01,223.19000244140625,221.82559204101562,219.9466552734375,228.6366000366211,0.0047719465966074015
2025-04-02,223.88999938964844,222.5213165283203,219.35777740478517,228.66630737304686,0.0031363580770971122
2025-04-03,203.19000244140625,201.9478759765625,217.76060180664064,228.26091766357422,-0.09245604363993343
2025-04-04,188.3800048828125,187.2283935546875,215.24159545898436,227.56451385498048,-0.07288753273930593
2025-04-07,181.4600067138672,180.3507080078125,212.9546630859375,226.74802947998046,-0.03673420156150675
2025-04-08,172.4199981689453,171.365966796875,210.5484634399414,225.61127075195313,-0.04981816434315467
2025-04-09,198.85000610351562,197.6343994140625,209.6475051879883,224.8330911254883,0.1532885035937399
2025-04-10,190.4199981689453,189.2559356689453,208.69039306640624,223.8654998779297,-0.04239375215021912
2025-04-11,198.14999389648438,196.93865966796875,207.92808151245117,223.08670837402343,0.04059436218931811
2025-04-14,202.52000427246094,201.28196716308594,207.3575897216797,222.4263543701172,0.022054113206822157
2025-04-15,202.13999938964844,200.90428161621094,206.83331451416015,221.91709503173828,-0.0018764003164226661
2025-04-16,194.27000427246094,193.08238220214844,205.79122314453124,221.1562872314453,-0.038933462996098456
2025-04-17,196.97999572753906,195.77581787109375,204.94045486450196,220.45590118408202,0.013949670799717984
2025-04-21,193.16000366210938,191.9792022705078,203.69263076782227,219.66469116210936,-0.019392668828413617
2025-04-22,199.74000549316406,198.5189666748047,202.64954681396483,219.11527099609376,0.03406496290719052
2025-04-23,204.60000610351562,203.34925842285156,201.6979019165039,218.65708923339844,0.024331638578188874
2025-04-24,208.3699951171875,207.09617614746094,201.0439239501953,218.1750537109375,0.01842602109134761
2025-04-25,209.27999877929688,208.00064086914062,200.31987686157225,217.62662689208983,0.004367365629366571
2025-04-28,210.13999938964844,208.85536193847656,199.93424911499022,217.0026641845703,0.004109223249334493
2025-04-29,211.2100067138672,209.91885375976562,199.39158782958984,216.33894683837892,0.005092001524013234
2025-04-30,212.5,211.20094299316406,198.86035537719727,215.7034555053711,0.006107546846962464
2025-05-01,213.32000732421875,212.01596069335938,198.33508758544923,215.0763134765625,0.0038589680928731163
2025-05-02,205.35000610351562,204.09466552734375,198.4424270629883,214.27166290283202,-0.03736178700938586
2025-05-05,198.88999938964844,197.6741485595703,198.96471481323243,213.34416748046874,-0.03145852416663597
2025-05-06,198.50999450683594,197.29647827148438,199.812003326416,212.37830841064454,-0.0019105699497783402
2025-05-07,196.25,195.05027770996094,200.9962188720703,211.36871795654298,-0.011384899422444916
2025-05-08,197.49000549316406,196.28269958496094,200.92863388061522,210.51655975341797,0.006318483057135671
2025-05-09,198.52999877929688,197.31634521484375,201.33165435791017,209.74589935302734,0.005266106651622637
2025-05-12,210.7899932861328,209.776123046875,201.97352752685546,209.13419006347655,0.06314620219863021
2025-05-13,212.92999267578125,211.90582275390625,202.50472030639648,208.6408090209961,0.01015225029473621
2025-05-14,212.3300018310547,211.3087158203125,203.02494201660156,208.17722900390626,-0.0028177938946358783
2025-05-15,211.4499969482422,210.43295288085938,203.8924705505371,207.6999105834961,-0.00414447144810548
2025-05-16,211.25999450683594,210.24386596679688,204.61587295532226,207.22696014404298,-0.0008985613302188167
2025-05-19,208.77999877929688,207.7758026123047,205.40570297241212,206.63030578613282,-0.011739050474280921
2025-05-20,206.86000061035156,205.8650360107422,205.77300643920898,206.22581939697267,-0.009196290316480504
2025-05-21,202.08999633789062,201.11798095703125,205.66144256591798,205.85837982177733,-0.02305906406303615
2025-05-22,201.36000061035156,200.39149475097656,205.32620849609376,205.55313842773438,-0.003612238958434544
2025-05-23,195.27000427246094,194.33078002929688,204.64271545410156,205.2717904663086,-0.03024437104584321
2025-05-27,200.2100067138672,199.24700927734375,204.16229782104492,205.01303283691405,0.025298253047230768
2025-05-28,200.4199981689453,199.45602416992188,203.63915634155273,204.7483172607422,0.0010490239895504239
2025-05-29,199.9499969482422,198.98826599121094,203.02852249145508,204.5002868652344,-0.0023451694711033033
2025-05-30,200.85000610351562,199.88394165039062,202.42192153930665,204.21948150634765,0.004501148119051557
2025-06-02,201.6999969482422,200.7298583984375,202.25368118286133,203.9782550048828,0.004232039557867218
2025-06-03,203.27000427246094,202.29229736328125,202.48458862304688,203.6853872680664,0.00778378950351466
2025-06-04,202.82000732421875,201.844482421875,202.7119888305664,203.33466400146483,-0.0022137023863150196
2025-06-05,200.6300048828125,199.66500854492188,202.94272537231444,202.88032104492189,-0.010797787736391062
2025-06-06,203.9199981689453,202.9391632080078,203.2755485534668,202.53558959960938,0.016398239666262304
2025-06-09,201.4499969482422,200.48104858398438,203.43378372192382,202.09557891845702,-0.01211256903382385
2025-06-10,202.6699981689453,201.6951904296875,203.02973709106445,201.79812438964845,0.0060561427340823926
2025-06-11,198.77999877929688,197.82391357421875,202.32564163208008,201.33916107177734,-0.01919369939968052
2025-06-12,199.1999969482422,198.2418670654297,201.67229919433595,200.86748657226562,0.0021127551450150772
2025-06-13,196.4499969482422,195.50511169433594,200.92590713500977,200.32716247558594,-0.01380513315177001
2025-06-16,198.4199981689453,197.4656219482422,200.28699493408203,200.23751739501952,0.010027923244132042
2025-06-17,195.63999938964844,194.6990203857422,199.6331558227539,200.38692993164062,-0.014010547938441476
2025-06-18,196.5800018310547,195.6344757080078,199.1216278076172,200.69260528564453,0.004804622644799528
2025-06-20,201.0,200.03323364257812,199.06739044189453,201.2659506225586,0.022484574452693362
2025-06-23,201.5,200.53082275390625,199.07435684204103,201.32387908935547,0.0024875322078592443
2025-06-24,200.3000030517578,199.3365936279297,199.32464752197265,201.52549224853516,-0.0059553394813630645
2025-06-25,201.55999755859375,200.59051513671875,199.3918228149414,201.59852935791017,0.006290473244112693
2025-06-26,201.0,200.03323364257812,199.42068328857422,201.5735546875,-0.00277820461132372
2025-06-27,201.0800018310547,200.1128387451172,199.47691192626954,201.5577258300781,0.0003979593844956053
2025-06-30,205.1699981689453,204.1831512451172,199.69187240600587,201.7797412109375,0.020340086750677333
2025-07-01,207.82000732421875,206.8204345703125,199.99640121459962,202.00063354492187,0.012916263213262447
2025-07-02,212.44000244140625,211.418212890625,200.45269699096679,202.3894137573242,0.022230773907156554
2025-07-03,213.5500030517578,212.52285766601562,200.98661575317382,202.66949157714845,0.0052249272202584685
2025-07-07,209.9499969482422,208.940185546875,201.45037460327148,202.7813101196289,-0.01685782018219839
2025-07-08,210.00999450683594,208.9998779296875,201.75341033935547,202.81938415527344,0.0002856912501358888
2025-07-09,211.13999938964844,210.12445068359375,202.23558044433594,202.8618603515625,0.005380734022651268
2025-07-10,212.41000366210938,211.38833618164062,202.7202377319336,202.9125198364258,0.006014937785369989
2025-07-11,211.16000366210938,210.1443634033203,203.33626022338868,202.91703002929688,-0.0058847749161117235
2025-07-14,208.6199951171875,207.61656188964844,203.80499496459962,202.84534240722655,-0.012028880873765746
2025-07-15,209.11000061035156,208.10421752929688,204.43495025634766,202.76710754394531,0.0023488282206871602
2025-07-16,210.16000366210938,209.149169921875,205.0191276550293,202.86819763183593,0.00502129368152282
2025-07-17,210.02000427246094,209.0098419189453,205.73466873168945,203.09491149902342,-0.0006661656987771991
2025-07-18,211.17999267578125,210.16424560546875,206.4611572265625,203.35226684570313,0.0055232025244587035
2025-07-21,212.47999572753906,211.4580078125,207.0323959350586,203.6804214477539,0.006155957704908399
2025-07-22,214.39999389648438,213.36875915527344,207.67429275512694,204.02214263916017,0.009036079373582862
2025-07-23,214.14999389648438,213.11996459960938,208.36346130371095,204.33821502685547,-0.0011660308502943195
2025-07-24,213.75999450683594,212.73184204101562,208.97052764892578,204.3973294067383,-0.0018211459415494735
2025-07-25,213.8800048828125,212.8512725830078,209.61142959594727,204.4162384033203,0.0005614135657658892
2025-07-28,214.0500030517578,213.0204620361328,210.25681076049804,204.45047332763673,0.000794871701126576
2025-07-29,211.27000427246094,210.25384521484375,210.5603454589844,204.44689117431642,-0.01298756370559273
2025-07-30,209.0500030517578,208.0445098876953,210.6215492248535,204.40290405273439,-0.010507942553397154
2025-07-31,207.57000732421875,206.57162475585938,210.37921981811525,204.37882049560548,-0.007079663542340131
2025-08-01,202.3800048828125,201.40660095214844,209.8234069824219,204.28965179443358,-0.02500354930071025
2025-08-04,203.35000610351562,202.37191772460938,209.4949935913086,204.31473052978515,0.004792875545773567
2025-08-05,202.9199981689453,201.94398498535156,209.1421989440918,204.34578033447266,-0.0021145855811879333
2025-08-06,213.25,212.22430419921875,209.24719161987304,204.7036508178711,0.05090678593181619
2025-08-07,220.02999877929688,218.9716796875,209.62635879516603,205.09814422607423,0.031793604006576714
2025-08-08,229.35000610351562,228.24688720703125,210.53148498535157,205.6739614868164,0.04235802334241634
2025-08-11,227.17999267578125,226.3438720703125,211.46785049438478,206.22107360839843,-0.008337529418276923
2025-08-12,229.64999389648438,228.80479431152344,212.50287933349608,206.7994906616211,0.010872493338129674
2025-08-13,233.3300018310547,232.4712677001953,213.66898422241212,207.43431884765624,0.016024460500071003
2025-08-14,232.77999877929688,231.9232940673828,214.81465682983398,208.0269387817383,-0.0023571671382598414
2025-08-15,231.58999633789062,230.7376708984375,215.84332809448242,208.60480255126953,-0.005112134913885957
2025-08-18,230.88999938964844,230.04022216796875,216.77243881225587,209.21230682373047,-0.0030226912135892237
2025-08-19,230.55999755859375,229.71145629882812,217.5895736694336,209.74775268554689,-0.0014291668910864086
2025-08-20,226.00999450683594,225.1781768798828,218.19248428344727,210.24169525146485,-0.01973466840525373
2025-08-21,224.89999389648438,224.07228088378906,218.75950622558594,210.68923706054687,-0.004911204146943904
2025-08-22,227.75999450683594,226.92176818847656,219.46303100585936,211.27119415283204,0.012716821971234138
2025-08-25,227.16000366210938,226.323974609375,220.1282066345215,211.83283630371093,-0.0026343597790277062
2025-08-26,229.30999755859375,228.46603393554688,221.03881607055663,212.49205474853517,0.00946457099769904
2025-08-27,230.49000549316406,229.6417236328125,222.1186767578125,213.13557678222656,0.005146015261057624
2025-08-28,232.55999755859375,231.70408630371094,223.37529983520508,213.87567810058593,0.008980783797791325
2025-08-29,232.13999938964844,231.28562927246094,224.8692512512207,214.588701171875,-0.0018059976322623017
2025-09-02,229.72000122070312,228.87454223632812,226.19438247680665,215.16552734375,-0.010424716156024028
2025-09-03,238.47000122070312,237.5923309326172,227.97679977416993,215.90675750732422,0.03808981379539955
2025-09-04,239.77999877929688,238.8975067138672,229.31045989990236,216.69797576904296,0.005493341372285965
2025-09-05,239.69000244140625,238.80784606933594,230.30226821899413,217.4623223876953,-0.0003753100891029648
2025-09-08,237.8800048828125,237.0045166015625,230.7401496887207,218.201748046875,-0.0075513828270526995
2025-09-09,234.35000610351562,233.4875030517578,231.09733123779296,218.8692413330078,-0.014839436818485985
2025-09-10,226.7899932861328,225.95530700683594,230.9548568725586,219.3046844482422,-0.032259525441291736
2025-09-11,230.02999877929688,229.18341064453125,230.79046401977538,219.75194396972657,0.014286469658345569
2025-09-12,234.07000732421875,233.2085418701172,230.8547264099121,220.1877505493164,0.017562925755691072
2025-09-15,236.6999969482422,235.828857421875,231.109285736084,220.6538705444336,0.011235933001189746
2025-09-16,238.14999389648438,237.2735137939453,231.4709503173828,221.220537109375,0.006125867664642737
2025-09-17,238.99000549316406,238.11044311523438,231.89089965820312,221.80274841308594,0.0035272766349128126
2025-09-18,237.8800048828125,237.0045166015625,232.48221664428712,222.34034973144531,-0.0046445947485665995
2025-09-19,245.5,244.59646606445312,233.5084259033203,223.00451232910157,0.03203293157342535
2025-09-22,256.0799865722656,255.13751220703125,234.91921310424806,223.9043753051758,0.043095660015793014
2025-09-23,254.42999267578125,253.49359130859375,236.27769393920897,224.8219158935547,-0.006443273998468446
2025-09-24,252.30999755859375,251.38140869140625,237.42346267700196,225.68745971679687,-0.008332291977418138
2025-09-25,256.8699951171875,255.9246063232422,238.73760681152345,226.6229684448242,0.01807292613835698
2025-09-26,255.4600067138672,254.51980590820312,239.87839279174804,227.53316772460937,-0.005489118202509746
2025-09-29,254.42999267578125,253.49359130859375,240.9887908935547,228.39975463867188,-0.004031963626357271
2025-09-30,254.6300048828125,253.69287109375,242.22970733642578,229.24445190429688,0.000786133425020763
2025-10-01,255.4499969482422,254.5098419189453,243.0755828857422,230.0672735595703,0.0032203144758191637
2025-10-02,257.1300048828125,256.18365478515625,243.93989028930665,230.92854736328124,0.006576613515574703
2025-10-03,258.0199890136719,257.07037353515625,244.85301666259767,231.81531799316406,0.003461262002619314
2025-10-06,256.69000244140625,255.7452850341797,245.79005508422853,232.6731982421875,-0.005154574923412314
2025-10-07,256.4800109863281,255.5360870361328,246.89248428344726,233.5235107421875,-0.0008179935673845451
2025-10-08,258.05999755859375,257.1102294921875,248.45023040771486,234.46063842773438,0.006160157159454727
2025-10-09,254.0399932861328,253.10501098632812,249.64631042480468,235.36184844970703,-0.015577826342304535
2025-10-10,245.27000427246094,244.3673095703125,250.20424880981446,236.1177621459961,-0.034522040405148724
2025-10-13,247.66000366210938,246.74851989746094,250.75023193359374,237.02460052490235,0.009744389834039024
2025-10-14,247.77000427246094,246.8581085205078,251.22946166992188,237.91432434082031,0.00044413082231420375
2025-10-15,249.33999633789062,248.42233276367188,251.74505615234375,238.84389129638672,0.0063365317531554055
2025-10-16,247.4499969482422,246.53929138183594,252.22179489135743,239.53019104003906,-0.007580000400476461
2025-10-17,252.2899932861328,251.36148071289062,252.5600456237793,240.17798706054688,0.019559516473121263
2025-10-20,262.239990234375,261.27484130859375,252.8669120788574,240.83854614257814,0.03943866246963412
2025-10-21,262.7699890136719,261.8028869628906,253.28237686157226,241.5477264404297,0.002021035212009581
2025-10-22,258.45001220703125,257.49884033203125,253.5882484436035,242.12160736083985,-0.016440027383920586
2025-10-23,259.5799865722656,258.6246643066406,253.72325134277344,242.64467529296874,0.00437215163049931
2025-10-24,262.82000732421875,261.85272216796875,254.08989715576172,243.24326385498046,0.012481631904607271
2025-10-27,268.80999755859375,267.8206787109375,254.8062515258789,243.98492401123048,0.022791271725411066
2025-10-28,269.0,268.0099792480469,255.52210693359376,244.74431915283202,0.0007068182263614275
2025-10-29,269.70001220703125,268.7073974609375,256.2319847106934,245.52423797607423,0.0026022098686300232
2025-10-30,271.3999938964844,270.4011535644531,256.9428596496582,246.4286975097656,0.0063033475055775945
2025-10-31,270.3699951171875,269.3749084472656,257.5580863952637,247.33475006103515,-0.003795269005547608
2025-11-03,269.04998779296875,268.0597839355469,258.173811340332,248.15751037597656,-0.004882134417416251
2025-11-04,270.0400085449219,269.0461730957031,258.84931564331055,249.01195434570312,0.0036797357129609853
2025-11-05,270.1400146484375,269.1457824707031,259.45109329223635,249.82554931640624,0.0003702315251463695
2025-11-06,269.7699890136719,268.7771301269531,260.2346992492676,250.60825744628906,-0.0013697125043753422
2025-11-07,268.4700012207031,267.4819030761719,261.3904289245605,251.3238137817383,-0.004818963020289169
2025-11-10,269.42999267578125,268.6985778808594,262.4879318237305,252.07207275390624,0.004548624750665864
2025-11-11,275.25,274.5028076171875,263.87016677856445,252.98463806152344,0.021601267048394046
2025-11-12,273.4700012207031,272.7276916503906,265.0854347229004,253.6873452758789,-0.0064666586917843105
2025-11-13,272.95001220703125,272.20904541015625,266.3689224243164,254.3535760498047,-0.0019016999597504247
2025-11-14,272.4100036621094,271.6705322265625,267.384375,255.01082977294922,-0.0019783074540463685
2025-11-17,267.4599914550781,266.73394775390625,267.65733032226564,255.60541839599608,-0.018171218027207114
2025-11-18,267.44000244140625,266.7139892578125,267.9028854370117,256.2699481201172,-7.482548157744517e-05
2025-11-19,268.55999755859375,267.83099365234375,268.4194931030273,257.10746185302736,0.004188023274068087
2025-11-20,266.25,265.5272521972656,268.7646224975586,257.834338684082,-0.008601474473370674
2025-11-21,271.489990234375,270.75299072265625,269.20963592529296,258.5852276611328,0.01968061086817685
2025-11-24,275.9200134277344,275.1710205078125,269.57715301513673,259.37207092285155,0.016317565960635383
2025-11-25,276.9700012207031,276.2181396484375,269.98756103515626,260.1509634399414,0.0038053394528705375
2025-11-26,277.54998779296875,276.7966003417969,270.3920211791992,260.9246865844727,0.002094216889939382
2025-11-28,278.8500061035156,278.0930480957031,270.77661590576173,261.7464572143555,0.004683756058800448
2025-12-01,283.1000061035156,282.3315124511719,271.42444610595703,262.5011581420898,0.01524117335723596
2025-12-02,286.19000244140625,285.4131164550781,272.29211273193357,263.10667022705076,0.010914842545035386
2025-12-03,284.1499938964844,283.378662109375,273.0087371826172,263.7043716430664,-0.007128103890149506
2025-12-04,280.70001220703125,279.9380187988281,273.54834899902346,264.27550384521487,-0.012141504532966252
2025-12-05,278.7799987792969,278.0232238769531,274.0106536865234,264.71747619628906,-0.006840067419534801
2025-12-08,277.8900146484375,277.1356506347656,274.49334106445315,265.1697930908203,-0.003192442810390217
2025-12-09,277.17999267578125,276.4275817871094,274.8797912597656,265.62847290039065,-0.0025549540307587826
2025-12-10,278.7799987792969,278.0232238769531,275.0558120727539,266.1150799560547,0.005772369311079162
2025-12-11,278.0299987792969,277.2752685546875,275.28319091796874,266.57038848876954,-0.0026902620286017864
2025-12-12,278.2799987792969,277.5245666503906,275.5489669799805,266.99720672607424,0.0008990996456430533
2025-12-15,274.1099853515625,273.3658752441406,275.63373413085935,267.3231167602539,-0.0149849487432544
2025-12-16,274.6099853515625,273.8645324707031,275.9902633666992,267.68550170898436,0.0018241385327160131
2025-12-17,271.8399963378906,271.10205078125,276.2096664428711,267.9968209838867,-0.010087037063657212
2025-12-18,272.19000244140625,271.4511413574219,276.390673828125,268.2836392211914,0.0012876722074433022
2025-12-19,273.6700134277344,272.9271240234375,276.7606674194336,268.6800814819336,0.005437378743868182
2025-12-22,270.9700012207031,270.23443603515625,276.73473968505857,269.19742401123045,-0.009865959632689436
2025-12-23,272.3599853515625,271.62066650390625,276.5572219848633,269.6948669433594,0.005129732868573544
2025-12-24,273.80999755859375,273.06671142578125,276.39965057373047,270.21903900146486,0.005323766193815027
2025-12-26,273.3999938964844,272.6578674316406,276.19271392822264,270.70374969482424,-0.0014972311784394732
2025-12-29,273.760009765625,273.0168762207031,275.9389053344727,271.2333013916016,0.0013167006418859373
2025-12-30,273.0799865722656,272.33868408203125,275.43926391601565,271.65284545898436,-0.0024840667289872664
2025-12-31,271.8599853515625,271.12200927734375,274.7247085571289,271.8497888183594,-0.004467506365423368
